{
    "loss": 2.7453291416168213,
    "accuracy": 0.6666666865348816
}